[{"__type__":"cc.SpriteFrame","content":{"name":"default_btn_disabled","texture":"71VhFCTINJM6/Ky3oX9nBT","rect":[0,0,40,40],"offset":[0,0],"originalSize":[40,40],"capInsets":[12,12,12,12]}},{"__type__":"cc.SpriteFrame","content":{"name":"default_sprite_splash","texture":"02delMVqdBD70a/HSD99FK","rect":[0,0,2,2],"offset":[0,0],"originalSize":[2,2]}},[{"__type__":"cc.SceneAsset","_name":"EndDialog","scene":{"__id__":1},"asyncLoadAssets":null},{"__type__":"cc.Scene","_name":"New Node","_children":[{"__id__":2}],"_anchorPoint":{"__type__":"cc.Vec2"},"_scale":{"__type__":"cc.Vec3","x":0.5338541666666666,"y":0.5338541666666666,"z":1},"autoReleaseAssets":false},{"__type__":"cc.Node","_name":"Canvas","_parent":{"__id__":1},"_children":[{"__id__":3},{"__id__":4},{"__id__":5},{"__id__":6},{"__id__":8}],"_components":[{"__type__":"cc.Canvas","node":{"__id__":2},"_designResolution":{"__type__":"cc.Size","width":1136,"height":768}},{"__type__":"5ae9aNOMTlPWbyviqBepbS3","node":{"__id__":2},"m_score_label":{"__id__":7}}],"_contentSize":{"__type__":"cc.Size","width":1136,"height":768},"_position":{"__type__":"cc.Vec3","x":568,"y":384},"_scale":{"__type__":"cc.Vec3","x":1,"y":1,"z":1},"_id":"9dWcC1+txMCZJI0y3MLO5z"},{"__type__":"cc.Node","_name":"Main Camera","_parent":{"__id__":2},"_level":1,"_components":[{"__type__":"cc.Camera","node":{"__id__":3},"_clearFlags":7,"_depth":-1}],"_scale":{"__type__":"cc.Vec3","x":1,"y":1,"z":1}},{"__type__":"cc.Node","_name":"bg","_parent":{"__id__":2},"_level":1,"_components":[{"__type__":"cc.Sprite","node":{"__id__":4},"_spriteFrame":{"__uuid__":"a2MjXRFdtLlYQ5ouAFv/+R"},"_sizeMode":0}],"_color":{"__type__":"cc.Color","r":170,"g":131,"b":88},"_contentSize":{"__type__":"cc.Size","width":1136,"height":768},"_scale":{"__type__":"cc.Vec3","x":1,"y":1,"z":1}},{"__type__":"cc.Node","_name":"title","_parent":{"__id__":2},"_level":1,"_components":[{"__type__":"cc.Label","node":{"__id__":5},"_srcBlendFactor":1,"_useOriginalSize":false,"_string":"游戏结束","_N$string":"游戏结束","_lineHeight":60,"_N$horizontalAlign":1,"_N$verticalAlign":1}],"_color":{"__type__":"cc.Color","r":16,"g":238,"b":220},"_contentSize":{"__type__":"cc.Size","width":160,"height":60},"_position":{"__type__":"cc.Vec3","y":100},"_scale":{"__type__":"cc.Vec3","x":1,"y":1,"z":1}},{"__type__":"cc.Node","_name":"score","_parent":{"__id__":2},"_level":1,"_components":[{"__id__":7}],"_color":{"__type__":"cc.Color","r":248,"g":152,"b":175},"_contentSize":{"__type__":"cc.Size","width":200,"height":60},"_position":{"__type__":"cc.Vec3","y":-22},"_scale":{"__type__":"cc.Vec3","x":1,"y":1,"z":1}},{"__type__":"cc.Label","node":{"__id__":6},"_srcBlendFactor":1,"_useOriginalSize":false,"_string":"你的得分：","_N$string":"你的得分：","_lineHeight":60,"_N$horizontalAlign":1,"_N$verticalAlign":1},{"__type__":"cc.Node","_name":"back","_parent":{"__id__":2},"_children":[{"__id__":9}],"_level":1,"_components":[{"__type__":"cc.Sprite","node":{"__id__":8},"_spriteFrame":{"__uuid__":"f0BIwQ8D5Ml7nTNQbh1YlS"},"_type":1,"_sizeMode":0},{"__type__":"cc.Button","node":{"__id__":8},"transition":2,"pressedColor":{"__type__":"cc.Color","r":255,"g":255,"b":255},"clickEvents":[{"__type__":"cc.ClickEvent","target":{"__id__":2},"component":"EndDialog","handler":"onBack"}],"_N$normalColor":{"__type__":"cc.Color","r":255,"g":255,"b":255},"_N$disabledColor":{"__type__":"cc.Color","r":255,"g":255,"b":255},"_N$normalSprite":{"__uuid__":"f0BIwQ8D5Ml7nTNQbh1YlS"},"_N$pressedSprite":{"__uuid__":"e97GVMl6JHh5Ml5qEDdSGa"},"pressedSprite":{"__uuid__":"e97GVMl6JHh5Ml5qEDdSGa"},"_N$hoverSprite":{"__uuid__":"f0BIwQ8D5Ml7nTNQbh1YlS"},"hoverSprite":{"__uuid__":"f0BIwQ8D5Ml7nTNQbh1YlS"},"_N$disabledSprite":{"__uuid__":"29FYIk+N1GYaeWH/q1NxQO"},"_N$target":{"__id__":8}}],"_color":{"__type__":"cc.Color","r":99,"g":216,"b":127},"_contentSize":{"__type__":"cc.Size","width":200,"height":80},"_position":{"__type__":"cc.Vec3","y":-174},"_scale":{"__type__":"cc.Vec3","x":1,"y":1,"z":1}},{"__type__":"cc.Node","_name":"Label","_parent":{"__id__":8},"_components":[{"__type__":"cc.Label","node":{"__id__":9},"_srcBlendFactor":1,"_useOriginalSize":false,"_string":"返回","_N$string":"返回","_enableWrapText":false,"_N$horizontalAlign":1,"_N$verticalAlign":1,"_N$overflow":1}],"_color":{"__type__":"cc.Color"},"_contentSize":{"__type__":"cc.Size","width":200,"height":80},"_scale":{"__type__":"cc.Vec3","x":1,"y":1,"z":1}}],{"__type__":"cc.SpriteFrame","content":{"name":"default_btn_pressed","texture":"b4P/PCArtIdIH38t6mlw8Y","rect":[0,0,40,40],"offset":[0,0],"originalSize":[40,40],"capInsets":[12,12,12,12]}},{"__type__":"cc.SpriteFrame","content":{"name":"default_btn_normal","texture":"e8Ueib+qJEhL6mXAHdnwbi","rect":[0,0,40,40],"offset":[0,0],"originalSize":[40,40],"capInsets":[12,12,12,12]}}]