[{"__type__":"cc.SpriteFrame","content":{"name":"default_btn_disabled","texture":"71VhFCTINJM6/Ky3oX9nBT","rect":[0,0,40,40],"offset":[0,0],"originalSize":[40,40],"capInsets":[12,12,12,12]}},{"__type__":"cc.SpriteFrame","content":{"name":"wx_gzh","texture":"84lg89dC1B5Y1obm5CWyES","rect":[0,0,258,258],"offset":[0,0],"originalSize":[258,258]}},{"__type__":"cc.SpriteFrame","content":{"name":"default_scrollbar_vertical","texture":"d608qFRoFHwbXd0Dap056i","rect":[0,0,15,30],"offset":[0,0],"originalSize":[15,30],"capInsets":[4,10,4,10]}},{"__type__":"cc.SpriteFrame","content":{"name":"default_scrollbar_vertical_bg","texture":"61cyPdEfRN047sDK9rO0W5","rect":[0,0,15,30],"offset":[0,0],"originalSize":[15,30],"capInsets":[4,10,4,10]}},{"__type__":"cc.SpriteFrame","content":{"name":"default_panel","texture":"d8HsitJHxOYqo801xBk8ev","rect":[0,0,20,20],"offset":[0,0],"originalSize":[20,20],"capInsets":[6,6,6,6]}},[{"__type__":"cc.SceneAsset","_name":"HelpDialog","scene":{"__id__":1},"asyncLoadAssets":null},{"__type__":"cc.Scene","_name":"New Node","_children":[{"__id__":2}],"_anchorPoint":{"__type__":"cc.Vec2"},"_scale":{"__type__":"cc.Vec3","x":0.5338541666666666,"y":0.5338541666666666,"z":1},"autoReleaseAssets":false},{"__type__":"cc.Node","_name":"Canvas","_parent":{"__id__":1},"_children":[{"__id__":3},{"__id__":4},{"__id__":5},{"__id__":7},{"__id__":19}],"_components":[{"__type__":"cc.Canvas","node":{"__id__":2},"_designResolution":{"__type__":"cc.Size","width":1136,"height":768}},{"__type__":"ba79d+G+A9ArLBw/FlYkRxz","node":{"__id__":2},"m_help_content":{"__id__":16}}],"_contentSize":{"__type__":"cc.Size","width":1136,"height":768},"_position":{"__type__":"cc.Vec3","x":568,"y":384},"_scale":{"__type__":"cc.Vec3","x":1,"y":1,"z":1},"_id":"5dnsQ93exK/JHncXFYmwLp"},{"__type__":"cc.Node","_name":"Main Camera","_parent":{"__id__":2},"_level":1,"_components":[{"__type__":"cc.Camera","node":{"__id__":3},"_clearFlags":7,"_depth":-1}],"_scale":{"__type__":"cc.Vec3","x":1,"y":1,"z":1}},{"__type__":"cc.Node","_name":"bg","_parent":{"__id__":2},"_components":[{"__type__":"cc.Sprite","node":{"__id__":4},"_spriteFrame":{"__uuid__":"a2MjXRFdtLlYQ5ouAFv/+R"},"_sizeMode":0}],"_color":{"__type__":"cc.Color","r":130,"g":141,"b":87},"_contentSize":{"__type__":"cc.Size","width":1136,"height":768},"_scale":{"__type__":"cc.Vec3","x":1,"y":1,"z":1}},{"__type__":"cc.Node","_name":"Button","_parent":{"__id__":2},"_children":[{"__id__":6}],"_components":[{"__type__":"cc.Sprite","node":{"__id__":5},"_spriteFrame":{"__uuid__":"f0BIwQ8D5Ml7nTNQbh1YlS"},"_type":1,"_sizeMode":0},{"__type__":"cc.Button","node":{"__id__":5},"transition":2,"pressedColor":{"__type__":"cc.Color","r":255,"g":255,"b":255},"clickEvents":[{"__type__":"cc.ClickEvent","target":{"__id__":2},"component":"HelpDialog","handler":"onBack"}],"_N$normalColor":{"__type__":"cc.Color","r":255,"g":255,"b":255},"_N$disabledColor":{"__type__":"cc.Color","r":255,"g":255,"b":255},"_N$normalSprite":{"__uuid__":"f0BIwQ8D5Ml7nTNQbh1YlS"},"_N$pressedSprite":{"__uuid__":"e97GVMl6JHh5Ml5qEDdSGa"},"pressedSprite":{"__uuid__":"e97GVMl6JHh5Ml5qEDdSGa"},"_N$hoverSprite":{"__uuid__":"e97GVMl6JHh5Ml5qEDdSGa"},"hoverSprite":{"__uuid__":"e97GVMl6JHh5Ml5qEDdSGa"},"_N$disabledSprite":{"__uuid__":"29FYIk+N1GYaeWH/q1NxQO"},"_N$target":{"__id__":5}}],"_color":{"__type__":"cc.Color","r":140,"g":133,"b":221},"_contentSize":{"__type__":"cc.Size","width":200,"height":80},"_position":{"__type__":"cc.Vec3","y":-263},"_scale":{"__type__":"cc.Vec3","x":1,"y":1,"z":1}},{"__type__":"cc.Node","_name":"Label","_parent":{"__id__":5},"_components":[{"__type__":"cc.Label","node":{"__id__":6},"_srcBlendFactor":1,"_useOriginalSize":false,"_string":"返回","_N$string":"返回","_enableWrapText":false,"_N$horizontalAlign":1,"_N$verticalAlign":1,"_N$overflow":1}],"_color":{"__type__":"cc.Color","r":255,"g":197,"b":14},"_contentSize":{"__type__":"cc.Size","width":200,"height":80},"_scale":{"__type__":"cc.Vec3","x":1,"y":1,"z":1}},{"__type__":"cc.Node","_name":"ScrollView","_parent":{"__id__":2},"_children":[{"__id__":8},{"__id__":14}],"_components":[{"__type__":"cc.Sprite","node":{"__id__":7},"_spriteFrame":{"__uuid__":"9bvaMerUlDyary99mJa6xp"},"_type":1,"_sizeMode":0},{"__id__":12}],"_color":{"__type__":"cc.Color","r":86,"g":145,"b":160},"_contentSize":{"__type__":"cc.Size","width":1120,"height":450},"_position":{"__type__":"cc.Vec3","y":34},"_scale":{"__type__":"cc.Vec3","x":1,"y":1,"z":1}},{"__type__":"cc.Node","_name":"scrollBar","_parent":{"__id__":7},"_children":[{"__id__":9}],"_components":[{"__id__":11},{"__type__":"cc.Widget","node":{"__id__":8},"alignMode":0,"_alignFlags":37,"_left":350.07654921020657,"_originalHeight":237},{"__type__":"cc.Sprite","node":{"__id__":8},"_spriteFrame":{"__uuid__":"5f5dyqtRNNxaFmVzYns6FZ"},"_type":1,"_sizeMode":0}],"_color":{"__type__":"cc.Color","r":238,"g":217,"b":227},"_contentSize":{"__type__":"cc.Size","width":12,"height":450},"_anchorPoint":{"__type__":"cc.Vec2","x":1,"y":0.5},"_position":{"__type__":"cc.Vec3","x":560},"_scale":{"__type__":"cc.Vec3","x":1,"y":1,"z":1}},{"__type__":"cc.Node","_name":"bar","_parent":{"__id__":8},"_components":[{"__id__":10}],"_color":{"__type__":"cc.Color","r":236,"g":241,"b":245},"_contentSize":{"__type__":"cc.Size","width":10,"height":30},"_anchorPoint":{"__type__":"cc.Vec2","x":1},"_position":{"__type__":"cc.Vec3","x":-1},"_scale":{"__type__":"cc.Vec3","x":1,"y":1,"z":1}},{"__type__":"cc.Sprite","node":{"__id__":9},"_spriteFrame":{"__uuid__":"5cO7kybDxGj4ipyMYdRYZB"},"_type":1,"_sizeMode":0},{"__type__":"cc.Scrollbar","node":{"__id__":8},"_scrollView":{"__id__":12},"_N$handle":{"__id__":10},"_N$direction":1},{"__type__":"cc.ScrollView","node":{"__id__":7},"content":{"__id__":13},"horizontal":false,"brake":0.75,"bounceDuration":0.23,"_N$horizontalScrollBar":null,"_N$verticalScrollBar":{"__id__":11}},{"__type__":"cc.Node","_name":"content","_parent":{"__id__":14},"_children":[{"__id__":15},{"__id__":17},{"__id__":18}],"_components":[{"__type__":"cc.Layout","node":{"__id__":13},"_layoutSize":{"__type__":"cc.Size","width":1120,"height":538},"_resize":1,"_N$layoutType":2,"_N$paddingTop":50,"_N$paddingBottom":50,"_N$spacingY":10}],"_contentSize":{"__type__":"cc.Size","width":1120,"height":538},"_anchorPoint":{"__type__":"cc.Vec2","x":0.5,"y":1},"_position":{"__type__":"cc.Vec3","y":224},"_scale":{"__type__":"cc.Vec3","x":1,"y":1,"z":1}},{"__type__":"cc.Node","_name":"view","_parent":{"__id__":7},"_children":[{"__id__":13}],"_components":[{"__type__":"cc.Mask","node":{"__id__":14},"_N$alphaThreshold":1}],"_contentSize":{"__type__":"cc.Size","width":1120,"height":450},"_scale":{"__type__":"cc.Vec3","x":1,"y":1,"z":1}},{"__type__":"cc.Node","_name":"item","_parent":{"__id__":13},"_components":[{"__id__":16}],"_color":{"__type__":"cc.Color"},"_contentSize":{"__type__":"cc.Size","width":1000,"height":120},"_anchorPoint":{"__type__":"cc.Vec2","y":1},"_position":{"__type__":"cc.Vec3","x":-504,"y":-50},"_scale":{"__type__":"cc.Vec3","x":1,"y":1,"z":1}},{"__type__":"cc.Label","node":{"__id__":15},"_srcBlendFactor":1,"_useOriginalSize":false,"_string":"ScrollView content\n\n","_N$string":"ScrollView content\n\n","_fontSize":25,"_N$verticalAlign":1,"_N$overflow":3},{"__type__":"cc.Node","_name":"item","_parent":{"__id__":13},"_components":[{"__type__":"cc.Label","node":{"__id__":17},"_srcBlendFactor":1,"_useOriginalSize":false,"_string":"欢迎关注微信公众号：Arkad的小书童","_N$string":"欢迎关注微信公众号：Arkad的小书童","_fontSize":25,"_N$verticalAlign":1,"_N$overflow":3}],"_color":{"__type__":"cc.Color","r":255,"g":214},"_contentSize":{"__type__":"cc.Size","width":1000,"height":40},"_anchorPoint":{"__type__":"cc.Vec2","y":1},"_position":{"__type__":"cc.Vec3","x":-504,"y":-180},"_scale":{"__type__":"cc.Vec3","x":1,"y":1,"z":1}},{"__type__":"cc.Node","_name":"icon","_parent":{"__id__":13},"_components":[{"__type__":"cc.Sprite","node":{"__id__":18},"_spriteFrame":{"__uuid__":"56kDTLq/5LIqbDpUugY6x2"}}],"_contentSize":{"__type__":"cc.Size","width":258,"height":258},"_position":{"__type__":"cc.Vec3","y":-359},"_scale":{"__type__":"cc.Vec3","x":1,"y":1,"z":1}},{"__type__":"cc.Node","_name":"title","_parent":{"__id__":2},"_components":[{"__type__":"cc.Label","node":{"__id__":19},"_srcBlendFactor":1,"_useOriginalSize":false,"_string":"帮助","_N$string":"帮助","_lineHeight":50,"_N$horizontalAlign":1,"_N$verticalAlign":1}],"_color":{"__type__":"cc.Color","r":245,"g":152,"b":52},"_contentSize":{"__type__":"cc.Size","width":80,"height":50},"_position":{"__type__":"cc.Vec3","y":290},"_scale":{"__type__":"cc.Vec3","x":1,"y":1,"z":1}}],{"__type__":"cc.SpriteFrame","content":{"name":"default_sprite_splash","texture":"02delMVqdBD70a/HSD99FK","rect":[0,0,2,2],"offset":[0,0],"originalSize":[2,2]}},{"__type__":"cc.SpriteFrame","content":{"name":"default_btn_pressed","texture":"b4P/PCArtIdIH38t6mlw8Y","rect":[0,0,40,40],"offset":[0,0],"originalSize":[40,40],"capInsets":[12,12,12,12]}},{"__type__":"cc.SpriteFrame","content":{"name":"default_btn_normal","texture":"e8Ueib+qJEhL6mXAHdnwbi","rect":[0,0,40,40],"offset":[0,0],"originalSize":[40,40],"capInsets":[12,12,12,12]}}]