[{"__type__":"cc.SpriteFrame","content":{"name":"white","texture":"28s7vH0P1BA6tT0Y2iRFQW","rect":[0,0,10,10],"offset":[0,0],"originalSize":[10,10],"capInsets":[0,0,0,0]}},{"__type__":"cc.SpriteFrame","content":{"name":"default_scrollbar_vertical","texture":"d608qFRoFHwbXd0Dap056i","rect":[0,0,15,30],"offset":[0,0],"originalSize":[15,30],"capInsets":[4,10,4,10]}},{"__type__":"cc.SpriteFrame","content":{"name":"default_scrollbar_vertical_bg","texture":"61cyPdEfRN047sDK9rO0W5","rect":[0,0,15,30],"offset":[0,0],"originalSize":[15,30],"capInsets":[4,10,4,10]}},{"__type__":"cc.SpriteFrame","content":{"name":"default_progressbar","texture":"cf73jxyN9Jt47QTJU6ziYh","rect":[0,0,30,15],"offset":[0,0],"originalSize":[30,15],"capInsets":[10,4,10,4]}},[{"__type__":"cc.SceneAsset","_name":"filter","scene":{"__id__":1},"asyncLoadAssets":null},{"__type__":"cc.Scene","_name":"New Node","_children":[{"__id__":2}],"_anchorPoint":{"__type__":"cc.Vec2"},"_trs":{"__type__":"TypedArray","ctor":"Float64Array","array":[0,0,0,0,0,0,1,1,1,1]},"autoReleaseAssets":false},{"__type__":"cc.Node","_name":"Canvas","_parent":{"__id__":1},"_children":[{"__id__":3},{"__id__":4},{"__id__":100}],"_components":[{"__type__":"cc.Canvas","node":{"__id__":2},"_designResolution":{"__type__":"cc.Size","width":1136,"height":640}},{"__type__":"5b5f2sfFEZGDYGp36uO3hfv","node":{"__id__":2},"m_filter_1":{"__id__":6},"m_filter_2":{"__id__":54},"m_tips":{"__id__":113},"m_input_node":{"__id__":4},"m_display_node":{"__id__":100},"m_display_label":{"__id__":111}},{"__type__":"cc.Widget","node":{"__id__":2},"_alignFlags":45}],"_contentSize":{"__type__":"cc.Size","width":1136,"height":640},"_trs":{"__type__":"TypedArray","ctor":"Float64Array","array":[568,320,0,0,0,0,1,1,1,1]},"_id":"99ATCbqwpFLZBIChW69bNo"},{"__type__":"cc.Node","_name":"Main Camera","_parent":{"__id__":2},"_components":[{"__type__":"cc.Camera","node":{"__id__":3},"_clearFlags":7,"_depth":-1}],"_trs":{"__type__":"TypedArray","ctor":"Float64Array","array":[0,0,362.8646441856798,0,0,0,1,1,1,1]}},{"__type__":"cc.Node","_name":"inputNode","_parent":{"__id__":2},"_children":[{"__id__":5},{"__id__":6},{"__id__":52},{"__id__":54}],"_trs":{"__type__":"TypedArray","ctor":"Float64Array","array":[0,0,0,0,0,0,1,1,1,1]}},{"__type__":"cc.Node","_name":"bg","_parent":{"__id__":4},"_components":[{"__type__":"cc.Sprite","node":{"__id__":5},"_materials":[{"__uuid__":"ecpdLyjvZBwrvm+cedCcQy"}],"_spriteFrame":{"__uuid__":"a2MjXRFdtLlYQ5ouAFv/+R"},"_sizeMode":0}],"_color":{"__type__":"cc.Color","r":127,"g":127,"b":127},"_contentSize":{"__type__":"cc.Size","width":1136,"height":640},"_trs":{"__type__":"TypedArray","ctor":"Float64Array","array":[0,0,0,0,0,0,1,1,1,1]}},{"__type__":"cc.Node","_name":"filter","_parent":{"__id__":4},"_children":[{"__id__":7},{"__id__":16},{"__id__":25},{"__id__":34},{"__id__":43}],"_components":[{"__type__":"cc.Sprite","node":{"__id__":6},"_enabled":false,"_materials":[{"__uuid__":"ecpdLyjvZBwrvm+cedCcQy"}],"_spriteFrame":{"__uuid__":"9bvaMerUlDyary99mJa6xp"},"_type":1,"_sizeMode":0},{"__type__":"cc.Layout","node":{"__id__":6},"_layoutSize":{"__type__":"cc.Size","width":500,"height":480},"_resize":1,"_N$layoutType":2,"_N$spacingY":20}],"_color":{"__type__":"cc.Color","r":125,"g":153,"b":83},"_contentSize":{"__type__":"cc.Size","width":500,"height":480},"_anchorPoint":{"__type__":"cc.Vec2"},"_trs":{"__type__":"TypedArray","ctor":"Float64Array","array":[-509,-193,0,0,0,0,1,1,1,1]}},{"__type__":"cc.Node","_name":"filterItem_1","_parent":{"__id__":6},"_children":[{"__id__":8}],"_components":[{"__type__":"cc.Sprite","node":{"__id__":7},"_materials":[{"__uuid__":"ecpdLyjvZBwrvm+cedCcQy"}],"_spriteFrame":{"__uuid__":"13Nm8Uf7FM34o6hpFThuku"},"_type":1,"_sizeMode":0}],"_color":{"__type__":"cc.Color","r":107,"g":168,"b":209},"_contentSize":{"__type__":"cc.Size","width":500,"height":80},"_anchorPoint":{"__type__":"cc.Vec2"},"_trs":{"__type__":"TypedArray","ctor":"Float64Array","array":[0,400,0,0,0,0,1,1,1,1]}},{"__type__":"cc.Node","_name":"filterName","_parent":{"__id__":7},"_children":[{"__id__":9}],"_components":[{"__type__":"cc.Label","node":{"__id__":8},"_materials":[{"__uuid__":"ecpdLyjvZBwrvm+cedCcQy"}],"_useOriginalSize":false,"_string":"testLabel","_N$string":"testLabel","_fontSize":25,"_N$horizontalAlign":2,"_N$verticalAlign":1}],"_color":{"__type__":"cc.Color","r":250,"g":242,"b":44},"_contentSize":{"__type__":"cc.Size","width":101.46,"height":50.4},"_anchorPoint":{"__type__":"cc.Vec2"},"_trs":{"__type__":"TypedArray","ctor":"Float64Array","array":[0,19,0,0,0,0,1,1,1,1]}},{"__type__":"cc.Node","_name":"inputLabel","_parent":{"__id__":8},"_children":[{"__id__":10},{"__id__":12},{"__id__":14}],"_components":[{"__type__":"cc.EditBox","node":{"__id__":9},"_useOriginalSize":false,"maxLength":8,"_N$textLabel":{"__id__":13},"_N$placeholderLabel":{"__id__":15},"_N$background":{"__id__":11},"_N$inputMode":6},{"__type__":"cc.Widget","node":{"__id__":9},"alignMode":0,"_alignFlags":13,"_left":318.079,"_right":-230,"_top":9.921,"_bottom":-9.921,"_originalWidth":160,"_originalHeight":40}],"_contentSize":{"__type__":"cc.Size","width":100,"height":50.4},"_anchorPoint":{"__type__":"cc.Vec2"},"_trs":{"__type__":"TypedArray","ctor":"Float64Array","array":[318.079,-9.921,0,0,0,0,1,1,1,1]}},{"__type__":"cc.Node","_name":"BACKGROUND_SPRITE","_parent":{"__id__":9},"_components":[{"__id__":11}],"_contentSize":{"__type__":"cc.Size","width":100,"height":50.4},"_anchorPoint":{"__type__":"cc.Vec2"},"_trs":{"__type__":"TypedArray","ctor":"Float64Array","array":[0,0,0,0,0,0,1,1,1,1]}},{"__type__":"cc.Sprite","node":{"__id__":10},"_materials":[{"__uuid__":"ecpdLyjvZBwrvm+cedCcQy"}],"_spriteFrame":{"__uuid__":"675ovJ2tVK2aLYfgPUWOMv"},"_type":1,"_sizeMode":0},{"__type__":"cc.Node","_name":"TEXT_LABEL","_parent":{"__id__":9},"_active":false,"_components":[{"__id__":13}],"_color":{"__type__":"cc.Color"},"_contentSize":{"__type__":"cc.Size","width":100,"height":50.4},"_anchorPoint":{"__type__":"cc.Vec2"},"_trs":{"__type__":"TypedArray","ctor":"Float64Array","array":[0,0,0,0,0,0,1,1,1,1]}},{"__type__":"cc.Label","node":{"__id__":12},"_materials":[{"__uuid__":"ecpdLyjvZBwrvm+cedCcQy"}],"_fontSize":29,"_enableWrapText":false,"_N$verticalAlign":1,"_N$overflow":1},{"__type__":"cc.Node","_name":"PLACEHOLDER_LABEL","_parent":{"__id__":9},"_components":[{"__id__":15}],"_color":{"__type__":"cc.Color","r":1,"g":144,"b":156},"_contentSize":{"__type__":"cc.Size","width":100,"height":50.4},"_anchorPoint":{"__type__":"cc.Vec2"},"_trs":{"__type__":"TypedArray","ctor":"Float64Array","array":[0,0,0,0,0,0,1,1,1,1]}},{"__type__":"cc.Label","node":{"__id__":14},"_materials":[{"__uuid__":"ecpdLyjvZBwrvm+cedCcQy"}],"_string":"-1","_N$string":"-1","_fontSize":32,"_enableWrapText":false,"_N$verticalAlign":1,"_N$overflow":1},{"__type__":"cc.Node","_name":"filterItem_2","_parent":{"__id__":6},"_children":[{"__id__":17}],"_components":[{"__type__":"cc.Sprite","node":{"__id__":16},"_materials":[{"__uuid__":"ecpdLyjvZBwrvm+cedCcQy"}],"_spriteFrame":{"__uuid__":"13Nm8Uf7FM34o6hpFThuku"},"_type":1,"_sizeMode":0}],"_color":{"__type__":"cc.Color","r":107,"g":168,"b":209},"_contentSize":{"__type__":"cc.Size","width":500,"height":80},"_anchorPoint":{"__type__":"cc.Vec2"},"_trs":{"__type__":"TypedArray","ctor":"Float64Array","array":[0,300,0,0,0,0,1,1,1,1]}},{"__type__":"cc.Node","_name":"filterName","_parent":{"__id__":16},"_children":[{"__id__":18}],"_components":[{"__type__":"cc.Label","node":{"__id__":17},"_materials":[{"__uuid__":"ecpdLyjvZBwrvm+cedCcQy"}],"_useOriginalSize":false,"_string":"testLabel","_N$string":"testLabel","_fontSize":25,"_N$horizontalAlign":2,"_N$verticalAlign":1}],"_color":{"__type__":"cc.Color","r":250,"g":242,"b":44},"_contentSize":{"__type__":"cc.Size","width":101.46,"height":50.4},"_anchorPoint":{"__type__":"cc.Vec2"},"_trs":{"__type__":"TypedArray","ctor":"Float64Array","array":[0,19,0,0,0,0,1,1,1,1]}},{"__type__":"cc.Node","_name":"inputLabel","_parent":{"__id__":17},"_children":[{"__id__":19},{"__id__":21},{"__id__":23}],"_components":[{"__type__":"cc.EditBox","node":{"__id__":18},"_useOriginalSize":false,"maxLength":8,"_N$textLabel":{"__id__":22},"_N$placeholderLabel":{"__id__":24},"_N$background":{"__id__":20},"_N$inputMode":6},{"__type__":"cc.Widget","node":{"__id__":18},"alignMode":0,"_alignFlags":13,"_left":318.079,"_right":-230,"_top":9.921,"_bottom":-9.921,"_originalWidth":160,"_originalHeight":40}],"_contentSize":{"__type__":"cc.Size","width":100,"height":50.4},"_anchorPoint":{"__type__":"cc.Vec2"},"_trs":{"__type__":"TypedArray","ctor":"Float64Array","array":[318.079,-9.921,0,0,0,0,1,1,1,1]}},{"__type__":"cc.Node","_name":"BACKGROUND_SPRITE","_parent":{"__id__":18},"_components":[{"__id__":20}],"_contentSize":{"__type__":"cc.Size","width":100,"height":50.4},"_anchorPoint":{"__type__":"cc.Vec2"},"_trs":{"__type__":"TypedArray","ctor":"Float64Array","array":[0,0,0,0,0,0,1,1,1,1]}},{"__type__":"cc.Sprite","node":{"__id__":19},"_materials":[{"__uuid__":"ecpdLyjvZBwrvm+cedCcQy"}],"_spriteFrame":{"__uuid__":"675ovJ2tVK2aLYfgPUWOMv"},"_type":1,"_sizeMode":0},{"__type__":"cc.Node","_name":"TEXT_LABEL","_parent":{"__id__":18},"_active":false,"_components":[{"__id__":22}],"_color":{"__type__":"cc.Color"},"_contentSize":{"__type__":"cc.Size","width":100,"height":50.4},"_anchorPoint":{"__type__":"cc.Vec2"},"_trs":{"__type__":"TypedArray","ctor":"Float64Array","array":[0,0,0,0,0,0,1,1,1,1]}},{"__type__":"cc.Label","node":{"__id__":21},"_materials":[{"__uuid__":"ecpdLyjvZBwrvm+cedCcQy"}],"_fontSize":29,"_enableWrapText":false,"_N$verticalAlign":1,"_N$overflow":1},{"__type__":"cc.Node","_name":"PLACEHOLDER_LABEL","_parent":{"__id__":18},"_components":[{"__id__":24}],"_color":{"__type__":"cc.Color","r":1,"g":144,"b":156},"_contentSize":{"__type__":"cc.Size","width":100,"height":50.4},"_anchorPoint":{"__type__":"cc.Vec2"},"_trs":{"__type__":"TypedArray","ctor":"Float64Array","array":[0,0,0,0,0,0,1,1,1,1]}},{"__type__":"cc.Label","node":{"__id__":23},"_materials":[{"__uuid__":"ecpdLyjvZBwrvm+cedCcQy"}],"_string":"-1","_N$string":"-1","_fontSize":32,"_enableWrapText":false,"_N$verticalAlign":1,"_N$overflow":1},{"__type__":"cc.Node","_name":"filterItem_3","_parent":{"__id__":6},"_children":[{"__id__":26}],"_components":[{"__type__":"cc.Sprite","node":{"__id__":25},"_materials":[{"__uuid__":"ecpdLyjvZBwrvm+cedCcQy"}],"_spriteFrame":{"__uuid__":"13Nm8Uf7FM34o6hpFThuku"},"_type":1,"_sizeMode":0}],"_color":{"__type__":"cc.Color","r":107,"g":168,"b":209},"_contentSize":{"__type__":"cc.Size","width":500,"height":80},"_anchorPoint":{"__type__":"cc.Vec2"},"_trs":{"__type__":"TypedArray","ctor":"Float64Array","array":[0,200,0,0,0,0,1,1,1,1]}},{"__type__":"cc.Node","_name":"filterName","_parent":{"__id__":25},"_children":[{"__id__":27}],"_components":[{"__type__":"cc.Label","node":{"__id__":26},"_materials":[{"__uuid__":"ecpdLyjvZBwrvm+cedCcQy"}],"_useOriginalSize":false,"_string":"testLabel","_N$string":"testLabel","_fontSize":25,"_N$horizontalAlign":2,"_N$verticalAlign":1}],"_color":{"__type__":"cc.Color","r":250,"g":242,"b":44},"_contentSize":{"__type__":"cc.Size","width":101.46,"height":50.4},"_anchorPoint":{"__type__":"cc.Vec2"},"_trs":{"__type__":"TypedArray","ctor":"Float64Array","array":[0,19,0,0,0,0,1,1,1,1]}},{"__type__":"cc.Node","_name":"inputLabel","_parent":{"__id__":26},"_children":[{"__id__":28},{"__id__":30},{"__id__":32}],"_components":[{"__type__":"cc.EditBox","node":{"__id__":27},"_useOriginalSize":false,"maxLength":8,"_N$textLabel":{"__id__":31},"_N$placeholderLabel":{"__id__":33},"_N$background":{"__id__":29},"_N$inputMode":6},{"__type__":"cc.Widget","node":{"__id__":27},"alignMode":0,"_alignFlags":13,"_left":318.079,"_right":-230,"_top":9.921,"_bottom":-9.921,"_originalWidth":160,"_originalHeight":40}],"_contentSize":{"__type__":"cc.Size","width":100,"height":50.4},"_anchorPoint":{"__type__":"cc.Vec2"},"_trs":{"__type__":"TypedArray","ctor":"Float64Array","array":[318.079,-9.921,0,0,0,0,1,1,1,1]}},{"__type__":"cc.Node","_name":"BACKGROUND_SPRITE","_parent":{"__id__":27},"_components":[{"__id__":29}],"_contentSize":{"__type__":"cc.Size","width":100,"height":50.4},"_anchorPoint":{"__type__":"cc.Vec2"},"_trs":{"__type__":"TypedArray","ctor":"Float64Array","array":[0,0,0,0,0,0,1,1,1,1]}},{"__type__":"cc.Sprite","node":{"__id__":28},"_materials":[{"__uuid__":"ecpdLyjvZBwrvm+cedCcQy"}],"_spriteFrame":{"__uuid__":"675ovJ2tVK2aLYfgPUWOMv"},"_type":1,"_sizeMode":0},{"__type__":"cc.Node","_name":"TEXT_LABEL","_parent":{"__id__":27},"_active":false,"_components":[{"__id__":31}],"_color":{"__type__":"cc.Color"},"_contentSize":{"__type__":"cc.Size","width":100,"height":50.4},"_anchorPoint":{"__type__":"cc.Vec2"},"_trs":{"__type__":"TypedArray","ctor":"Float64Array","array":[0,0,0,0,0,0,1,1,1,1]}},{"__type__":"cc.Label","node":{"__id__":30},"_materials":[{"__uuid__":"ecpdLyjvZBwrvm+cedCcQy"}],"_fontSize":29,"_enableWrapText":false,"_N$verticalAlign":1,"_N$overflow":1},{"__type__":"cc.Node","_name":"PLACEHOLDER_LABEL","_parent":{"__id__":27},"_components":[{"__id__":33}],"_color":{"__type__":"cc.Color","r":1,"g":144,"b":156},"_contentSize":{"__type__":"cc.Size","width":100,"height":50.4},"_anchorPoint":{"__type__":"cc.Vec2"},"_trs":{"__type__":"TypedArray","ctor":"Float64Array","array":[0,0,0,0,0,0,1,1,1,1]}},{"__type__":"cc.Label","node":{"__id__":32},"_materials":[{"__uuid__":"ecpdLyjvZBwrvm+cedCcQy"}],"_string":"-1","_N$string":"-1","_fontSize":32,"_enableWrapText":false,"_N$verticalAlign":1,"_N$overflow":1},{"__type__":"cc.Node","_name":"filterItem_4","_parent":{"__id__":6},"_children":[{"__id__":35}],"_components":[{"__type__":"cc.Sprite","node":{"__id__":34},"_materials":[{"__uuid__":"ecpdLyjvZBwrvm+cedCcQy"}],"_spriteFrame":{"__uuid__":"13Nm8Uf7FM34o6hpFThuku"},"_type":1,"_sizeMode":0}],"_color":{"__type__":"cc.Color","r":107,"g":168,"b":209},"_contentSize":{"__type__":"cc.Size","width":500,"height":80},"_anchorPoint":{"__type__":"cc.Vec2"},"_trs":{"__type__":"TypedArray","ctor":"Float64Array","array":[0,100,0,0,0,0,1,1,1,1]}},{"__type__":"cc.Node","_name":"filterName","_parent":{"__id__":34},"_children":[{"__id__":36}],"_components":[{"__type__":"cc.Label","node":{"__id__":35},"_materials":[{"__uuid__":"ecpdLyjvZBwrvm+cedCcQy"}],"_useOriginalSize":false,"_string":"testLabel","_N$string":"testLabel","_fontSize":25,"_N$horizontalAlign":2,"_N$verticalAlign":1}],"_color":{"__type__":"cc.Color","r":250,"g":242,"b":44},"_contentSize":{"__type__":"cc.Size","width":101.46,"height":50.4},"_anchorPoint":{"__type__":"cc.Vec2"},"_trs":{"__type__":"TypedArray","ctor":"Float64Array","array":[0,19,0,0,0,0,1,1,1,1]}},{"__type__":"cc.Node","_name":"inputLabel","_parent":{"__id__":35},"_children":[{"__id__":37},{"__id__":39},{"__id__":41}],"_components":[{"__type__":"cc.EditBox","node":{"__id__":36},"_useOriginalSize":false,"maxLength":8,"_N$textLabel":{"__id__":40},"_N$placeholderLabel":{"__id__":42},"_N$background":{"__id__":38},"_N$inputMode":6},{"__type__":"cc.Widget","node":{"__id__":36},"alignMode":0,"_alignFlags":13,"_left":318.079,"_right":-230,"_top":9.921,"_bottom":-9.921,"_originalWidth":160,"_originalHeight":40}],"_contentSize":{"__type__":"cc.Size","width":100,"height":50.4},"_anchorPoint":{"__type__":"cc.Vec2"},"_trs":{"__type__":"TypedArray","ctor":"Float64Array","array":[318.079,-9.921,0,0,0,0,1,1,1,1]}},{"__type__":"cc.Node","_name":"BACKGROUND_SPRITE","_parent":{"__id__":36},"_components":[{"__id__":38}],"_contentSize":{"__type__":"cc.Size","width":100,"height":50.4},"_anchorPoint":{"__type__":"cc.Vec2"},"_trs":{"__type__":"TypedArray","ctor":"Float64Array","array":[0,0,0,0,0,0,1,1,1,1]}},{"__type__":"cc.Sprite","node":{"__id__":37},"_materials":[{"__uuid__":"ecpdLyjvZBwrvm+cedCcQy"}],"_spriteFrame":{"__uuid__":"675ovJ2tVK2aLYfgPUWOMv"},"_type":1,"_sizeMode":0},{"__type__":"cc.Node","_name":"TEXT_LABEL","_parent":{"__id__":36},"_active":false,"_components":[{"__id__":40}],"_color":{"__type__":"cc.Color"},"_contentSize":{"__type__":"cc.Size","width":100,"height":50.4},"_anchorPoint":{"__type__":"cc.Vec2"},"_trs":{"__type__":"TypedArray","ctor":"Float64Array","array":[0,0,0,0,0,0,1,1,1,1]}},{"__type__":"cc.Label","node":{"__id__":39},"_materials":[{"__uuid__":"ecpdLyjvZBwrvm+cedCcQy"}],"_fontSize":29,"_enableWrapText":false,"_N$verticalAlign":1,"_N$overflow":1},{"__type__":"cc.Node","_name":"PLACEHOLDER_LABEL","_parent":{"__id__":36},"_components":[{"__id__":42}],"_color":{"__type__":"cc.Color","r":1,"g":144,"b":156},"_contentSize":{"__type__":"cc.Size","width":100,"height":50.4},"_anchorPoint":{"__type__":"cc.Vec2"},"_trs":{"__type__":"TypedArray","ctor":"Float64Array","array":[0,0,0,0,0,0,1,1,1,1]}},{"__type__":"cc.Label","node":{"__id__":41},"_materials":[{"__uuid__":"ecpdLyjvZBwrvm+cedCcQy"}],"_string":"-1","_N$string":"-1","_fontSize":32,"_enableWrapText":false,"_N$verticalAlign":1,"_N$overflow":1},{"__type__":"cc.Node","_name":"filterItem_5","_parent":{"__id__":6},"_children":[{"__id__":44}],"_components":[{"__type__":"cc.Sprite","node":{"__id__":43},"_materials":[{"__uuid__":"ecpdLyjvZBwrvm+cedCcQy"}],"_spriteFrame":{"__uuid__":"13Nm8Uf7FM34o6hpFThuku"},"_type":1,"_sizeMode":0}],"_color":{"__type__":"cc.Color","r":107,"g":168,"b":209},"_contentSize":{"__type__":"cc.Size","width":500,"height":80},"_anchorPoint":{"__type__":"cc.Vec2"},"_trs":{"__type__":"TypedArray","ctor":"Float64Array","array":[0,0,0,0,0,0,1,1,1,1]}},{"__type__":"cc.Node","_name":"filterName","_parent":{"__id__":43},"_children":[{"__id__":45}],"_components":[{"__type__":"cc.Label","node":{"__id__":44},"_materials":[{"__uuid__":"ecpdLyjvZBwrvm+cedCcQy"}],"_useOriginalSize":false,"_string":"testLabel","_N$string":"testLabel","_fontSize":25,"_N$horizontalAlign":2,"_N$verticalAlign":1}],"_color":{"__type__":"cc.Color","r":250,"g":242,"b":44},"_contentSize":{"__type__":"cc.Size","width":101.46,"height":50.4},"_anchorPoint":{"__type__":"cc.Vec2"},"_trs":{"__type__":"TypedArray","ctor":"Float64Array","array":[0,19,0,0,0,0,1,1,1,1]}},{"__type__":"cc.Node","_name":"inputLabel","_parent":{"__id__":44},"_children":[{"__id__":46},{"__id__":48},{"__id__":50}],"_components":[{"__type__":"cc.EditBox","node":{"__id__":45},"_useOriginalSize":false,"maxLength":8,"_N$textLabel":{"__id__":49},"_N$placeholderLabel":{"__id__":51},"_N$background":{"__id__":47},"_N$inputMode":6},{"__type__":"cc.Widget","node":{"__id__":45},"alignMode":0,"_alignFlags":13,"_left":318.079,"_right":-230,"_top":9.921,"_bottom":-9.921,"_originalWidth":160,"_originalHeight":40}],"_contentSize":{"__type__":"cc.Size","width":100,"height":50.4},"_anchorPoint":{"__type__":"cc.Vec2"},"_trs":{"__type__":"TypedArray","ctor":"Float64Array","array":[318.079,-9.921,0,0,0,0,1,1,1,1]}},{"__type__":"cc.Node","_name":"BACKGROUND_SPRITE","_parent":{"__id__":45},"_components":[{"__id__":47}],"_contentSize":{"__type__":"cc.Size","width":100,"height":50.4},"_anchorPoint":{"__type__":"cc.Vec2"},"_trs":{"__type__":"TypedArray","ctor":"Float64Array","array":[0,0,0,0,0,0,1,1,1,1]}},{"__type__":"cc.Sprite","node":{"__id__":46},"_materials":[{"__uuid__":"ecpdLyjvZBwrvm+cedCcQy"}],"_spriteFrame":{"__uuid__":"675ovJ2tVK2aLYfgPUWOMv"},"_type":1,"_sizeMode":0},{"__type__":"cc.Node","_name":"TEXT_LABEL","_parent":{"__id__":45},"_active":false,"_components":[{"__id__":49}],"_color":{"__type__":"cc.Color"},"_contentSize":{"__type__":"cc.Size","width":100,"height":50.4},"_anchorPoint":{"__type__":"cc.Vec2"},"_trs":{"__type__":"TypedArray","ctor":"Float64Array","array":[0,0,0,0,0,0,1,1,1,1]}},{"__type__":"cc.Label","node":{"__id__":48},"_materials":[{"__uuid__":"ecpdLyjvZBwrvm+cedCcQy"}],"_fontSize":29,"_enableWrapText":false,"_N$verticalAlign":1,"_N$overflow":1},{"__type__":"cc.Node","_name":"PLACEHOLDER_LABEL","_parent":{"__id__":45},"_components":[{"__id__":51}],"_color":{"__type__":"cc.Color","r":1,"g":144,"b":156},"_contentSize":{"__type__":"cc.Size","width":100,"height":50.4},"_anchorPoint":{"__type__":"cc.Vec2"},"_trs":{"__type__":"TypedArray","ctor":"Float64Array","array":[0,0,0,0,0,0,1,1,1,1]}},{"__type__":"cc.Label","node":{"__id__":50},"_materials":[{"__uuid__":"ecpdLyjvZBwrvm+cedCcQy"}],"_string":"-1","_N$string":"-1","_fontSize":32,"_enableWrapText":false,"_N$verticalAlign":1,"_N$overflow":1},{"__type__":"cc.Node","_name":"submit","_parent":{"__id__":4},"_children":[{"__id__":53}],"_components":[{"__type__":"cc.Sprite","node":{"__id__":52},"_materials":[{"__uuid__":"ecpdLyjvZBwrvm+cedCcQy"}],"_spriteFrame":{"__uuid__":"f0BIwQ8D5Ml7nTNQbh1YlS"},"_type":1,"_sizeMode":0},{"__type__":"cc.Button","node":{"__id__":52},"clickEvents":[{"__type__":"cc.ClickEvent","target":{"__id__":2},"_componentId":"5b5f2sfFEZGDYGp36uO3hfv","handler":"onSubmit"}],"_N$transition":2,"transition":2,"_N$pressedColor":{"__type__":"cc.Color","r":255,"g":255,"b":255},"pressedColor":{"__type__":"cc.Color","r":255,"g":255,"b":255},"_N$disabledColor":{"__type__":"cc.Color","r":255,"g":255,"b":255},"_N$normalSprite":{"__uuid__":"f0BIwQ8D5Ml7nTNQbh1YlS"},"_N$pressedSprite":{"__uuid__":"e97GVMl6JHh5Ml5qEDdSGa"},"pressedSprite":{"__uuid__":"e97GVMl6JHh5Ml5qEDdSGa"},"_N$hoverSprite":{"__uuid__":"e97GVMl6JHh5Ml5qEDdSGa"},"hoverSprite":{"__uuid__":"e97GVMl6JHh5Ml5qEDdSGa"},"_N$disabledSprite":{"__uuid__":"29FYIk+N1GYaeWH/q1NxQO"},"_N$target":{"__id__":52}}],"_color":{"__type__":"cc.Color","r":127,"g":199,"b":224},"_contentSize":{"__type__":"cc.Size","width":200,"height":80},"_trs":{"__type__":"TypedArray","ctor":"Float64Array","array":[0,-255,0,0,0,0,1,1,1,1]}},{"__type__":"cc.Node","_name":"Label","_parent":{"__id__":52},"_components":[{"__type__":"cc.Label","node":{"__id__":53},"_materials":[{"__uuid__":"ecpdLyjvZBwrvm+cedCcQy"}],"_useOriginalSize":false,"_string":"确定","_N$string":"确定","_enableWrapText":false,"_N$horizontalAlign":1,"_N$verticalAlign":1,"_N$overflow":1}],"_color":{"__type__":"cc.Color"},"_contentSize":{"__type__":"cc.Size","width":200,"height":80},"_trs":{"__type__":"TypedArray","ctor":"Float64Array","array":[0,0,0,0,0,0,1,1,1,1]}},{"__type__":"cc.Node","_name":"filter","_parent":{"__id__":4},"_children":[{"__id__":55},{"__id__":64},{"__id__":73},{"__id__":82},{"__id__":91}],"_components":[{"__type__":"cc.Sprite","node":{"__id__":54},"_enabled":false,"_materials":[{"__uuid__":"ecpdLyjvZBwrvm+cedCcQy"}],"_spriteFrame":{"__uuid__":"9bvaMerUlDyary99mJa6xp"},"_type":1,"_sizeMode":0},{"__type__":"cc.Layout","node":{"__id__":54},"_layoutSize":{"__type__":"cc.Size","width":500,"height":480},"_resize":1,"_N$layoutType":2,"_N$spacingY":20}],"_color":{"__type__":"cc.Color","r":125,"g":153,"b":83},"_contentSize":{"__type__":"cc.Size","width":500,"height":480},"_anchorPoint":{"__type__":"cc.Vec2"},"_trs":{"__type__":"TypedArray","ctor":"Float64Array","array":[23,-193,0,0,0,0,1,1,1,1]}},{"__type__":"cc.Node","_name":"filterItem_1","_parent":{"__id__":54},"_children":[{"__id__":56}],"_components":[{"__type__":"cc.Sprite","node":{"__id__":55},"_materials":[{"__uuid__":"ecpdLyjvZBwrvm+cedCcQy"}],"_spriteFrame":{"__uuid__":"13Nm8Uf7FM34o6hpFThuku"},"_type":1,"_sizeMode":0}],"_color":{"__type__":"cc.Color","r":115,"g":209,"b":107},"_contentSize":{"__type__":"cc.Size","width":500,"height":80},"_anchorPoint":{"__type__":"cc.Vec2"},"_trs":{"__type__":"TypedArray","ctor":"Float64Array","array":[0,400,0,0,0,0,1,1,1,1]}},{"__type__":"cc.Node","_name":"filterName","_parent":{"__id__":55},"_children":[{"__id__":57}],"_components":[{"__type__":"cc.Label","node":{"__id__":56},"_materials":[{"__uuid__":"ecpdLyjvZBwrvm+cedCcQy"}],"_useOriginalSize":false,"_string":"testLabel","_N$string":"testLabel","_fontSize":25,"_N$horizontalAlign":2,"_N$verticalAlign":1}],"_opacity":222,"_color":{"__type__":"cc.Color","r":8,"g":38,"b":255},"_contentSize":{"__type__":"cc.Size","width":101.46,"height":50.4},"_anchorPoint":{"__type__":"cc.Vec2"},"_trs":{"__type__":"TypedArray","ctor":"Float64Array","array":[0,19,0,0,0,0,1,1,1,1]}},{"__type__":"cc.Node","_name":"inputLabel","_parent":{"__id__":56},"_children":[{"__id__":58},{"__id__":60},{"__id__":62}],"_components":[{"__type__":"cc.EditBox","node":{"__id__":57},"_useOriginalSize":false,"maxLength":8,"_N$textLabel":{"__id__":61},"_N$placeholderLabel":{"__id__":63},"_N$background":{"__id__":59},"_N$inputMode":6},{"__type__":"cc.Widget","node":{"__id__":57},"alignMode":0,"_alignFlags":13,"_left":328,"_right":-230,"_originalWidth":160,"_originalHeight":40}],"_contentSize":{"__type__":"cc.Size","width":100,"height":50.4},"_anchorPoint":{"__type__":"cc.Vec2"},"_trs":{"__type__":"TypedArray","ctor":"Float64Array","array":[328,0,0,0,0,0,1,1,1,1]}},{"__type__":"cc.Node","_name":"BACKGROUND_SPRITE","_parent":{"__id__":57},"_components":[{"__id__":59}],"_contentSize":{"__type__":"cc.Size","width":100,"height":50.4},"_anchorPoint":{"__type__":"cc.Vec2"},"_trs":{"__type__":"TypedArray","ctor":"Float64Array","array":[0,0,0,0,0,0,1,1,1,1]}},{"__type__":"cc.Sprite","node":{"__id__":58},"_materials":[{"__uuid__":"ecpdLyjvZBwrvm+cedCcQy"}],"_spriteFrame":{"__uuid__":"675ovJ2tVK2aLYfgPUWOMv"},"_type":1,"_sizeMode":0},{"__type__":"cc.Node","_name":"TEXT_LABEL","_parent":{"__id__":57},"_active":false,"_components":[{"__id__":61}],"_color":{"__type__":"cc.Color"},"_contentSize":{"__type__":"cc.Size","width":100,"height":50.4},"_anchorPoint":{"__type__":"cc.Vec2"},"_trs":{"__type__":"TypedArray","ctor":"Float64Array","array":[0,0,0,0,0,0,1,1,1,1]}},{"__type__":"cc.Label","node":{"__id__":60},"_materials":[{"__uuid__":"ecpdLyjvZBwrvm+cedCcQy"}],"_fontSize":29,"_enableWrapText":false,"_N$verticalAlign":1,"_N$overflow":1},{"__type__":"cc.Node","_name":"PLACEHOLDER_LABEL","_parent":{"__id__":57},"_components":[{"__id__":63}],"_color":{"__type__":"cc.Color","r":1,"g":144,"b":156},"_contentSize":{"__type__":"cc.Size","width":100,"height":50.4},"_anchorPoint":{"__type__":"cc.Vec2"},"_trs":{"__type__":"TypedArray","ctor":"Float64Array","array":[0,0,0,0,0,0,1,1,1,1]}},{"__type__":"cc.Label","node":{"__id__":62},"_materials":[{"__uuid__":"ecpdLyjvZBwrvm+cedCcQy"}],"_string":"-1","_N$string":"-1","_fontSize":32,"_enableWrapText":false,"_N$verticalAlign":1,"_N$overflow":1},{"__type__":"cc.Node","_name":"filterItem_2","_parent":{"__id__":54},"_children":[{"__id__":65}],"_components":[{"__type__":"cc.Sprite","node":{"__id__":64},"_materials":[{"__uuid__":"ecpdLyjvZBwrvm+cedCcQy"}],"_spriteFrame":{"__uuid__":"13Nm8Uf7FM34o6hpFThuku"},"_type":1,"_sizeMode":0}],"_color":{"__type__":"cc.Color","r":115,"g":209,"b":107},"_contentSize":{"__type__":"cc.Size","width":500,"height":80},"_anchorPoint":{"__type__":"cc.Vec2"},"_trs":{"__type__":"TypedArray","ctor":"Float64Array","array":[0,300,0,0,0,0,1,1,1,1]}},{"__type__":"cc.Node","_name":"filterName","_parent":{"__id__":64},"_children":[{"__id__":66}],"_components":[{"__type__":"cc.Label","node":{"__id__":65},"_materials":[{"__uuid__":"ecpdLyjvZBwrvm+cedCcQy"}],"_useOriginalSize":false,"_string":"testLabel","_N$string":"testLabel","_fontSize":25,"_N$horizontalAlign":2,"_N$verticalAlign":1}],"_opacity":222,"_color":{"__type__":"cc.Color","r":8,"g":38,"b":255},"_contentSize":{"__type__":"cc.Size","width":101.46,"height":50.4},"_anchorPoint":{"__type__":"cc.Vec2"},"_trs":{"__type__":"TypedArray","ctor":"Float64Array","array":[0,19,0,0,0,0,1,1,1,1]}},{"__type__":"cc.Node","_name":"inputLabel","_parent":{"__id__":65},"_children":[{"__id__":67},{"__id__":69},{"__id__":71}],"_components":[{"__type__":"cc.EditBox","node":{"__id__":66},"_useOriginalSize":false,"maxLength":8,"_N$textLabel":{"__id__":70},"_N$placeholderLabel":{"__id__":72},"_N$background":{"__id__":68},"_N$inputMode":6},{"__type__":"cc.Widget","node":{"__id__":66},"alignMode":0,"_alignFlags":13,"_left":328,"_right":-230,"_originalWidth":160,"_originalHeight":40}],"_contentSize":{"__type__":"cc.Size","width":100,"height":50.4},"_anchorPoint":{"__type__":"cc.Vec2"},"_trs":{"__type__":"TypedArray","ctor":"Float64Array","array":[328,0,0,0,0,0,1,1,1,1]}},{"__type__":"cc.Node","_name":"BACKGROUND_SPRITE","_parent":{"__id__":66},"_components":[{"__id__":68}],"_contentSize":{"__type__":"cc.Size","width":100,"height":50.4},"_anchorPoint":{"__type__":"cc.Vec2"},"_trs":{"__type__":"TypedArray","ctor":"Float64Array","array":[0,0,0,0,0,0,1,1,1,1]}},{"__type__":"cc.Sprite","node":{"__id__":67},"_materials":[{"__uuid__":"ecpdLyjvZBwrvm+cedCcQy"}],"_spriteFrame":{"__uuid__":"675ovJ2tVK2aLYfgPUWOMv"},"_type":1,"_sizeMode":0},{"__type__":"cc.Node","_name":"TEXT_LABEL","_parent":{"__id__":66},"_active":false,"_components":[{"__id__":70}],"_color":{"__type__":"cc.Color"},"_contentSize":{"__type__":"cc.Size","width":100,"height":50.4},"_anchorPoint":{"__type__":"cc.Vec2"},"_trs":{"__type__":"TypedArray","ctor":"Float64Array","array":[0,0,0,0,0,0,1,1,1,1]}},{"__type__":"cc.Label","node":{"__id__":69},"_materials":[{"__uuid__":"ecpdLyjvZBwrvm+cedCcQy"}],"_fontSize":29,"_enableWrapText":false,"_N$verticalAlign":1,"_N$overflow":1},{"__type__":"cc.Node","_name":"PLACEHOLDER_LABEL","_parent":{"__id__":66},"_components":[{"__id__":72}],"_color":{"__type__":"cc.Color","r":1,"g":144,"b":156},"_contentSize":{"__type__":"cc.Size","width":100,"height":50.4},"_anchorPoint":{"__type__":"cc.Vec2"},"_trs":{"__type__":"TypedArray","ctor":"Float64Array","array":[0,0,0,0,0,0,1,1,1,1]}},{"__type__":"cc.Label","node":{"__id__":71},"_materials":[{"__uuid__":"ecpdLyjvZBwrvm+cedCcQy"}],"_string":"-1","_N$string":"-1","_fontSize":32,"_enableWrapText":false,"_N$verticalAlign":1,"_N$overflow":1},{"__type__":"cc.Node","_name":"filterItem_3","_parent":{"__id__":54},"_children":[{"__id__":74}],"_components":[{"__type__":"cc.Sprite","node":{"__id__":73},"_materials":[{"__uuid__":"ecpdLyjvZBwrvm+cedCcQy"}],"_spriteFrame":{"__uuid__":"13Nm8Uf7FM34o6hpFThuku"},"_type":1,"_sizeMode":0}],"_color":{"__type__":"cc.Color","r":115,"g":209,"b":107},"_contentSize":{"__type__":"cc.Size","width":500,"height":80},"_anchorPoint":{"__type__":"cc.Vec2"},"_trs":{"__type__":"TypedArray","ctor":"Float64Array","array":[0,200,0,0,0,0,1,1,1,1]}},{"__type__":"cc.Node","_name":"filterName","_parent":{"__id__":73},"_children":[{"__id__":75}],"_components":[{"__type__":"cc.Label","node":{"__id__":74},"_materials":[{"__uuid__":"ecpdLyjvZBwrvm+cedCcQy"}],"_useOriginalSize":false,"_string":"testLabel","_N$string":"testLabel","_fontSize":25,"_N$horizontalAlign":2,"_N$verticalAlign":1}],"_opacity":222,"_color":{"__type__":"cc.Color","r":8,"g":38,"b":255},"_contentSize":{"__type__":"cc.Size","width":101.46,"height":50.4},"_anchorPoint":{"__type__":"cc.Vec2"},"_trs":{"__type__":"TypedArray","ctor":"Float64Array","array":[0,19,0,0,0,0,1,1,1,1]}},{"__type__":"cc.Node","_name":"inputLabel","_parent":{"__id__":74},"_children":[{"__id__":76},{"__id__":78},{"__id__":80}],"_components":[{"__type__":"cc.EditBox","node":{"__id__":75},"_useOriginalSize":false,"maxLength":8,"_N$textLabel":{"__id__":79},"_N$placeholderLabel":{"__id__":81},"_N$background":{"__id__":77},"_N$inputMode":6},{"__type__":"cc.Widget","node":{"__id__":75},"alignMode":0,"_alignFlags":13,"_left":328,"_right":-230,"_originalWidth":160,"_originalHeight":40}],"_contentSize":{"__type__":"cc.Size","width":100,"height":50.4},"_anchorPoint":{"__type__":"cc.Vec2"},"_trs":{"__type__":"TypedArray","ctor":"Float64Array","array":[328,0,0,0,0,0,1,1,1,1]}},{"__type__":"cc.Node","_name":"BACKGROUND_SPRITE","_parent":{"__id__":75},"_components":[{"__id__":77}],"_contentSize":{"__type__":"cc.Size","width":100,"height":50.4},"_anchorPoint":{"__type__":"cc.Vec2"},"_trs":{"__type__":"TypedArray","ctor":"Float64Array","array":[0,0,0,0,0,0,1,1,1,1]}},{"__type__":"cc.Sprite","node":{"__id__":76},"_materials":[{"__uuid__":"ecpdLyjvZBwrvm+cedCcQy"}],"_spriteFrame":{"__uuid__":"675ovJ2tVK2aLYfgPUWOMv"},"_type":1,"_sizeMode":0},{"__type__":"cc.Node","_name":"TEXT_LABEL","_parent":{"__id__":75},"_active":false,"_components":[{"__id__":79}],"_color":{"__type__":"cc.Color"},"_contentSize":{"__type__":"cc.Size","width":100,"height":50.4},"_anchorPoint":{"__type__":"cc.Vec2"},"_trs":{"__type__":"TypedArray","ctor":"Float64Array","array":[0,0,0,0,0,0,1,1,1,1]}},{"__type__":"cc.Label","node":{"__id__":78},"_materials":[{"__uuid__":"ecpdLyjvZBwrvm+cedCcQy"}],"_fontSize":29,"_enableWrapText":false,"_N$verticalAlign":1,"_N$overflow":1},{"__type__":"cc.Node","_name":"PLACEHOLDER_LABEL","_parent":{"__id__":75},"_components":[{"__id__":81}],"_color":{"__type__":"cc.Color","r":1,"g":144,"b":156},"_contentSize":{"__type__":"cc.Size","width":100,"height":50.4},"_anchorPoint":{"__type__":"cc.Vec2"},"_trs":{"__type__":"TypedArray","ctor":"Float64Array","array":[0,0,0,0,0,0,1,1,1,1]}},{"__type__":"cc.Label","node":{"__id__":80},"_materials":[{"__uuid__":"ecpdLyjvZBwrvm+cedCcQy"}],"_string":"-1","_N$string":"-1","_fontSize":32,"_enableWrapText":false,"_N$verticalAlign":1,"_N$overflow":1},{"__type__":"cc.Node","_name":"filterItem_4","_parent":{"__id__":54},"_children":[{"__id__":83}],"_components":[{"__type__":"cc.Sprite","node":{"__id__":82},"_materials":[{"__uuid__":"ecpdLyjvZBwrvm+cedCcQy"}],"_spriteFrame":{"__uuid__":"13Nm8Uf7FM34o6hpFThuku"},"_type":1,"_sizeMode":0}],"_color":{"__type__":"cc.Color","r":115,"g":209,"b":107},"_contentSize":{"__type__":"cc.Size","width":500,"height":80},"_anchorPoint":{"__type__":"cc.Vec2"},"_trs":{"__type__":"TypedArray","ctor":"Float64Array","array":[0,100,0,0,0,0,1,1,1,1]}},{"__type__":"cc.Node","_name":"filterName","_parent":{"__id__":82},"_children":[{"__id__":84}],"_components":[{"__type__":"cc.Label","node":{"__id__":83},"_materials":[{"__uuid__":"ecpdLyjvZBwrvm+cedCcQy"}],"_useOriginalSize":false,"_string":"testLabel","_N$string":"testLabel","_fontSize":25,"_N$horizontalAlign":2,"_N$verticalAlign":1}],"_opacity":222,"_color":{"__type__":"cc.Color","r":8,"g":38,"b":255},"_contentSize":{"__type__":"cc.Size","width":101.46,"height":50.4},"_anchorPoint":{"__type__":"cc.Vec2"},"_trs":{"__type__":"TypedArray","ctor":"Float64Array","array":[0,19,0,0,0,0,1,1,1,1]}},{"__type__":"cc.Node","_name":"inputLabel","_parent":{"__id__":83},"_children":[{"__id__":85},{"__id__":87},{"__id__":89}],"_components":[{"__type__":"cc.EditBox","node":{"__id__":84},"_useOriginalSize":false,"maxLength":8,"_N$textLabel":{"__id__":88},"_N$placeholderLabel":{"__id__":90},"_N$background":{"__id__":86},"_N$inputMode":6},{"__type__":"cc.Widget","node":{"__id__":84},"alignMode":0,"_alignFlags":13,"_left":328,"_right":-230,"_originalWidth":160,"_originalHeight":40}],"_contentSize":{"__type__":"cc.Size","width":100,"height":50.4},"_anchorPoint":{"__type__":"cc.Vec2"},"_trs":{"__type__":"TypedArray","ctor":"Float64Array","array":[328,0,0,0,0,0,1,1,1,1]}},{"__type__":"cc.Node","_name":"BACKGROUND_SPRITE","_parent":{"__id__":84},"_components":[{"__id__":86}],"_contentSize":{"__type__":"cc.Size","width":100,"height":50.4},"_anchorPoint":{"__type__":"cc.Vec2"},"_trs":{"__type__":"TypedArray","ctor":"Float64Array","array":[0,0,0,0,0,0,1,1,1,1]}},{"__type__":"cc.Sprite","node":{"__id__":85},"_materials":[{"__uuid__":"ecpdLyjvZBwrvm+cedCcQy"}],"_spriteFrame":{"__uuid__":"675ovJ2tVK2aLYfgPUWOMv"},"_type":1,"_sizeMode":0},{"__type__":"cc.Node","_name":"TEXT_LABEL","_parent":{"__id__":84},"_active":false,"_components":[{"__id__":88}],"_color":{"__type__":"cc.Color"},"_contentSize":{"__type__":"cc.Size","width":100,"height":50.4},"_anchorPoint":{"__type__":"cc.Vec2"},"_trs":{"__type__":"TypedArray","ctor":"Float64Array","array":[0,0,0,0,0,0,1,1,1,1]}},{"__type__":"cc.Label","node":{"__id__":87},"_materials":[{"__uuid__":"ecpdLyjvZBwrvm+cedCcQy"}],"_fontSize":29,"_enableWrapText":false,"_N$verticalAlign":1,"_N$overflow":1},{"__type__":"cc.Node","_name":"PLACEHOLDER_LABEL","_parent":{"__id__":84},"_components":[{"__id__":90}],"_color":{"__type__":"cc.Color","r":1,"g":144,"b":156},"_contentSize":{"__type__":"cc.Size","width":100,"height":50.4},"_anchorPoint":{"__type__":"cc.Vec2"},"_trs":{"__type__":"TypedArray","ctor":"Float64Array","array":[0,0,0,0,0,0,1,1,1,1]}},{"__type__":"cc.Label","node":{"__id__":89},"_materials":[{"__uuid__":"ecpdLyjvZBwrvm+cedCcQy"}],"_string":"-1","_N$string":"-1","_fontSize":32,"_enableWrapText":false,"_N$verticalAlign":1,"_N$overflow":1},{"__type__":"cc.Node","_name":"filterItem_5","_parent":{"__id__":54},"_children":[{"__id__":92}],"_components":[{"__type__":"cc.Sprite","node":{"__id__":91},"_materials":[{"__uuid__":"ecpdLyjvZBwrvm+cedCcQy"}],"_spriteFrame":{"__uuid__":"13Nm8Uf7FM34o6hpFThuku"},"_type":1,"_sizeMode":0}],"_color":{"__type__":"cc.Color","r":115,"g":209,"b":107},"_contentSize":{"__type__":"cc.Size","width":500,"height":80},"_anchorPoint":{"__type__":"cc.Vec2"},"_trs":{"__type__":"TypedArray","ctor":"Float64Array","array":[0,0,0,0,0,0,1,1,1,1]}},{"__type__":"cc.Node","_name":"filterName","_parent":{"__id__":91},"_children":[{"__id__":93}],"_components":[{"__type__":"cc.Label","node":{"__id__":92},"_materials":[{"__uuid__":"ecpdLyjvZBwrvm+cedCcQy"}],"_useOriginalSize":false,"_string":"testLabel","_N$string":"testLabel","_fontSize":25,"_N$horizontalAlign":2,"_N$verticalAlign":1}],"_opacity":222,"_color":{"__type__":"cc.Color","r":8,"g":38,"b":255},"_contentSize":{"__type__":"cc.Size","width":101.46,"height":50.4},"_anchorPoint":{"__type__":"cc.Vec2"},"_trs":{"__type__":"TypedArray","ctor":"Float64Array","array":[0,19,0,0,0,0,1,1,1,1]}},{"__type__":"cc.Node","_name":"inputLabel","_parent":{"__id__":92},"_children":[{"__id__":94},{"__id__":96},{"__id__":98}],"_components":[{"__type__":"cc.EditBox","node":{"__id__":93},"_useOriginalSize":false,"maxLength":8,"_N$textLabel":{"__id__":97},"_N$placeholderLabel":{"__id__":99},"_N$background":{"__id__":95},"_N$inputMode":6},{"__type__":"cc.Widget","node":{"__id__":93},"alignMode":0,"_alignFlags":13,"_left":328,"_right":-230,"_originalWidth":160,"_originalHeight":40}],"_contentSize":{"__type__":"cc.Size","width":100,"height":50.4},"_anchorPoint":{"__type__":"cc.Vec2"},"_trs":{"__type__":"TypedArray","ctor":"Float64Array","array":[328,0,0,0,0,0,1,1,1,1]}},{"__type__":"cc.Node","_name":"BACKGROUND_SPRITE","_parent":{"__id__":93},"_components":[{"__id__":95}],"_contentSize":{"__type__":"cc.Size","width":100,"height":50.4},"_anchorPoint":{"__type__":"cc.Vec2"},"_trs":{"__type__":"TypedArray","ctor":"Float64Array","array":[0,0,0,0,0,0,1,1,1,1]}},{"__type__":"cc.Sprite","node":{"__id__":94},"_materials":[{"__uuid__":"ecpdLyjvZBwrvm+cedCcQy"}],"_spriteFrame":{"__uuid__":"675ovJ2tVK2aLYfgPUWOMv"},"_type":1,"_sizeMode":0},{"__type__":"cc.Node","_name":"TEXT_LABEL","_parent":{"__id__":93},"_active":false,"_components":[{"__id__":97}],"_color":{"__type__":"cc.Color"},"_contentSize":{"__type__":"cc.Size","width":100,"height":50.4},"_anchorPoint":{"__type__":"cc.Vec2"},"_trs":{"__type__":"TypedArray","ctor":"Float64Array","array":[0,0,0,0,0,0,1,1,1,1]}},{"__type__":"cc.Label","node":{"__id__":96},"_materials":[{"__uuid__":"ecpdLyjvZBwrvm+cedCcQy"}],"_fontSize":29,"_enableWrapText":false,"_N$verticalAlign":1,"_N$overflow":1},{"__type__":"cc.Node","_name":"PLACEHOLDER_LABEL","_parent":{"__id__":93},"_components":[{"__id__":99}],"_color":{"__type__":"cc.Color","r":1,"g":144,"b":156},"_contentSize":{"__type__":"cc.Size","width":100,"height":50.4},"_anchorPoint":{"__type__":"cc.Vec2"},"_trs":{"__type__":"TypedArray","ctor":"Float64Array","array":[0,0,0,0,0,0,1,1,1,1]}},{"__type__":"cc.Label","node":{"__id__":98},"_materials":[{"__uuid__":"ecpdLyjvZBwrvm+cedCcQy"}],"_string":"-1","_N$string":"-1","_fontSize":32,"_enableWrapText":false,"_N$verticalAlign":1,"_N$overflow":1},{"__type__":"cc.Node","_name":"displayNode","_parent":{"__id__":2},"_children":[{"__id__":101},{"__id__":102},{"__id__":112},{"__id__":114},{"__id__":121}],"_trs":{"__type__":"TypedArray","ctor":"Float64Array","array":[0,0,0,0,0,0,1,1,1,1]}},{"__type__":"cc.Node","_name":"bg","_parent":{"__id__":100},"_components":[{"__type__":"cc.Sprite","node":{"__id__":101},"_materials":[{"__uuid__":"ecpdLyjvZBwrvm+cedCcQy"}],"_spriteFrame":{"__uuid__":"a2MjXRFdtLlYQ5ouAFv/+R"},"_sizeMode":0}],"_color":{"__type__":"cc.Color","r":83,"g":113,"b":167},"_contentSize":{"__type__":"cc.Size","width":1136,"height":640},"_trs":{"__type__":"TypedArray","ctor":"Float64Array","array":[0,0,0,0,0,0,1,1,1,1]}},{"__type__":"cc.Node","_name":"ScrollView","_parent":{"__id__":100},"_children":[{"__id__":103},{"__id__":109}],"_components":[{"__type__":"cc.Sprite","node":{"__id__":102},"_materials":[{"__uuid__":"ecpdLyjvZBwrvm+cedCcQy"}],"_spriteFrame":{"__uuid__":"9bvaMerUlDyary99mJa6xp"},"_type":1,"_sizeMode":0},{"__id__":107}],"_color":{"__type__":"cc.Color","r":147,"g":131,"b":158},"_contentSize":{"__type__":"cc.Size","width":1120,"height":450},"_trs":{"__type__":"TypedArray","ctor":"Float64Array","array":[-3,25,0,0,0,0,1,1,1,1]}},{"__type__":"cc.Node","_name":"scrollBar","_parent":{"__id__":102},"_children":[{"__id__":104}],"_components":[{"__id__":106},{"__type__":"cc.Widget","node":{"__id__":103},"alignMode":0,"_alignFlags":37,"_left":350.07654921020657,"_originalHeight":237},{"__type__":"cc.Sprite","node":{"__id__":103},"_materials":[{"__uuid__":"ecpdLyjvZBwrvm+cedCcQy"}],"_spriteFrame":{"__uuid__":"5f5dyqtRNNxaFmVzYns6FZ"},"_type":1,"_sizeMode":0}],"_color":{"__type__":"cc.Color","r":238,"g":217,"b":227},"_contentSize":{"__type__":"cc.Size","width":12,"height":450},"_anchorPoint":{"__type__":"cc.Vec2","x":1,"y":0.5},"_trs":{"__type__":"TypedArray","ctor":"Float64Array","array":[560,0,0,0,0,0,1,1,1,1]}},{"__type__":"cc.Node","_name":"bar","_parent":{"__id__":103},"_components":[{"__id__":105}],"_color":{"__type__":"cc.Color","r":236,"g":241,"b":245},"_contentSize":{"__type__":"cc.Size","width":10,"height":30},"_anchorPoint":{"__type__":"cc.Vec2","x":1},"_trs":{"__type__":"TypedArray","ctor":"Float64Array","array":[-1,0,0,0,0,0,1,1,1,1]}},{"__type__":"cc.Sprite","node":{"__id__":104},"_materials":[{"__uuid__":"ecpdLyjvZBwrvm+cedCcQy"}],"_spriteFrame":{"__uuid__":"5cO7kybDxGj4ipyMYdRYZB"},"_type":1,"_sizeMode":0},{"__type__":"cc.Scrollbar","node":{"__id__":103},"_scrollView":{"__id__":107},"_N$handle":{"__id__":105},"_N$direction":1},{"__type__":"cc.ScrollView","node":{"__id__":102},"horizontal":false,"brake":0.75,"bounceDuration":0.23,"_N$content":{"__id__":108},"content":{"__id__":108},"_N$horizontalScrollBar":null,"_N$verticalScrollBar":{"__id__":106}},{"__type__":"cc.Node","_name":"content","_parent":{"__id__":109},"_children":[{"__id__":110}],"_components":[{"__type__":"cc.Layout","node":{"__id__":108},"_layoutSize":{"__type__":"cc.Size","width":1120,"height":40},"_resize":1,"_N$layoutType":2}],"_contentSize":{"__type__":"cc.Size","width":1120,"height":40},"_anchorPoint":{"__type__":"cc.Vec2","x":0.5,"y":1},"_trs":{"__type__":"TypedArray","ctor":"Float64Array","array":[0,223,0,0,0,0,1,1,1,1]}},{"__type__":"cc.Node","_name":"view","_parent":{"__id__":102},"_children":[{"__id__":108}],"_components":[{"__type__":"cc.Mask","node":{"__id__":109},"_materials":[{"__uuid__":"ecpdLyjvZBwrvm+cedCcQy"}],"_N$alphaThreshold":1}],"_contentSize":{"__type__":"cc.Size","width":1120,"height":450},"_trs":{"__type__":"TypedArray","ctor":"Float64Array","array":[0,0,0,0,0,0,1,1,1,1]}},{"__type__":"cc.Node","_name":"item","_parent":{"__id__":108},"_components":[{"__id__":111}],"_color":{"__type__":"cc.Color","r":140,"g":243,"b":114},"_contentSize":{"__type__":"cc.Size","width":1102,"height":40},"_anchorPoint":{"__type__":"cc.Vec2","y":1},"_trs":{"__type__":"TypedArray","ctor":"Float64Array","array":[-560,0,0,0,0,0,1,1,1,1]}},{"__type__":"cc.Label","node":{"__id__":110},"_materials":[{"__uuid__":"ecpdLyjvZBwrvm+cedCcQy"}],"_useOriginalSize":false,"_string":"info...","_N$string":"info...","_fontSize":23,"_N$overflow":3,"_N$cacheMode":2},{"__type__":"cc.Node","_name":"tips","_parent":{"__id__":100},"_components":[{"__id__":113}],"_color":{"__type__":"cc.Color","r":97,"g":163,"b":97},"_contentSize":{"__type__":"cc.Size","width":25,"height":37.8},"_trs":{"__type__":"TypedArray","ctor":"Float64Array","array":[-44,-223,0,0,0,0,1,1,1,1]}},{"__type__":"cc.Label","node":{"__id__":112},"_materials":[{"__uuid__":"ecpdLyjvZBwrvm+cedCcQy"}],"_useOriginalSize":false,"_string":"...","_N$string":"...","_fontSize":30,"_lineHeight":30,"_N$horizontalAlign":1,"_N$verticalAlign":1},{"__type__":"cc.Node","_name":" Layout","_parent":{"__id__":100},"_children":[{"__id__":115},{"__id__":117},{"__id__":119}],"_components":[{"__type__":"cc.Sprite","node":{"__id__":114},"_enabled":false,"_materials":[{"__uuid__":"ecpdLyjvZBwrvm+cedCcQy"}],"_spriteFrame":{"__uuid__":"9bvaMerUlDyary99mJa6xp"},"_type":1,"_sizeMode":0},{"__type__":"cc.Layout","node":{"__id__":114},"_layoutSize":{"__type__":"cc.Size","width":750,"height":80},"_resize":1,"_N$layoutType":1,"_N$spacingX":150,"_N$spacingY":40}],"_color":{"__type__":"cc.Color","r":167,"g":167,"b":167},"_contentSize":{"__type__":"cc.Size","width":750,"height":80},"_trs":{"__type__":"TypedArray","ctor":"Float64Array","array":[-33,-274,0,0,0,0,1,1,1,1]}},{"__type__":"cc.Node","_name":"return btn","_parent":{"__id__":114},"_children":[{"__id__":116}],"_components":[{"__type__":"cc.Sprite","node":{"__id__":115},"_materials":[{"__uuid__":"ecpdLyjvZBwrvm+cedCcQy"}],"_spriteFrame":{"__uuid__":"f0BIwQ8D5Ml7nTNQbh1YlS"},"_type":1,"_sizeMode":0},{"__type__":"cc.Button","node":{"__id__":115},"clickEvents":[{"__type__":"cc.ClickEvent","target":{"__id__":2},"_componentId":"5b5f2sfFEZGDYGp36uO3hfv","handler":"onReturn"}],"_N$transition":2,"transition":2,"_N$pressedColor":{"__type__":"cc.Color","r":255,"g":255,"b":255},"pressedColor":{"__type__":"cc.Color","r":255,"g":255,"b":255},"_N$disabledColor":{"__type__":"cc.Color","r":255,"g":255,"b":255},"_N$normalSprite":{"__uuid__":"f0BIwQ8D5Ml7nTNQbh1YlS"},"_N$pressedSprite":{"__uuid__":"e97GVMl6JHh5Ml5qEDdSGa"},"pressedSprite":{"__uuid__":"e97GVMl6JHh5Ml5qEDdSGa"},"_N$hoverSprite":{"__uuid__":"e97GVMl6JHh5Ml5qEDdSGa"},"hoverSprite":{"__uuid__":"e97GVMl6JHh5Ml5qEDdSGa"},"_N$disabledSprite":{"__uuid__":"29FYIk+N1GYaeWH/q1NxQO"},"_N$target":{"__id__":115}}],"_color":{"__type__":"cc.Color","r":127,"g":127,"b":127},"_contentSize":{"__type__":"cc.Size","width":150,"height":60},"_trs":{"__type__":"TypedArray","ctor":"Float64Array","array":[-300,0,0,0,0,0,1,1,1,1]}},{"__type__":"cc.Node","_name":"Label","_parent":{"__id__":115},"_components":[{"__type__":"cc.Label","node":{"__id__":116},"_materials":[{"__uuid__":"ecpdLyjvZBwrvm+cedCcQy"}],"_useOriginalSize":false,"_string":"返回","_N$string":"返回","_fontSize":30,"_enableWrapText":false,"_N$horizontalAlign":1,"_N$verticalAlign":1,"_N$overflow":1}],"_color":{"__type__":"cc.Color"},"_contentSize":{"__type__":"cc.Size","width":150,"height":60},"_trs":{"__type__":"TypedArray","ctor":"Float64Array","array":[0,0,0,0,0,0,1,1,1,1]}},{"__type__":"cc.Node","_name":"reFilter","_parent":{"__id__":114},"_children":[{"__id__":118}],"_components":[{"__type__":"cc.Sprite","node":{"__id__":117},"_materials":[{"__uuid__":"ecpdLyjvZBwrvm+cedCcQy"}],"_spriteFrame":{"__uuid__":"f0BIwQ8D5Ml7nTNQbh1YlS"},"_type":1,"_sizeMode":0},{"__type__":"cc.Button","node":{"__id__":117},"clickEvents":[{"__type__":"cc.ClickEvent","target":{"__id__":2},"_componentId":"5b5f2sfFEZGDYGp36uO3hfv","handler":"onReFilter"}],"_N$transition":2,"transition":2,"_N$pressedColor":{"__type__":"cc.Color","r":255,"g":255,"b":255},"pressedColor":{"__type__":"cc.Color","r":255,"g":255,"b":255},"_N$disabledColor":{"__type__":"cc.Color","r":255,"g":255,"b":255},"_N$normalSprite":{"__uuid__":"f0BIwQ8D5Ml7nTNQbh1YlS"},"_N$pressedSprite":{"__uuid__":"e97GVMl6JHh5Ml5qEDdSGa"},"pressedSprite":{"__uuid__":"e97GVMl6JHh5Ml5qEDdSGa"},"_N$hoverSprite":{"__uuid__":"e97GVMl6JHh5Ml5qEDdSGa"},"hoverSprite":{"__uuid__":"e97GVMl6JHh5Ml5qEDdSGa"},"_N$disabledSprite":{"__uuid__":"29FYIk+N1GYaeWH/q1NxQO"},"_N$target":{"__id__":117}}],"_color":{"__type__":"cc.Color","r":127,"g":127,"b":127},"_contentSize":{"__type__":"cc.Size","width":150,"height":60},"_trs":{"__type__":"TypedArray","ctor":"Float64Array","array":[0,0,0,0,0,0,1,1,1,1]}},{"__type__":"cc.Node","_name":"Label","_parent":{"__id__":117},"_components":[{"__type__":"cc.Label","node":{"__id__":118},"_materials":[{"__uuid__":"ecpdLyjvZBwrvm+cedCcQy"}],"_useOriginalSize":false,"_string":"重新筛选","_N$string":"重新筛选","_fontSize":30,"_enableWrapText":false,"_N$horizontalAlign":1,"_N$verticalAlign":1,"_N$overflow":1}],"_color":{"__type__":"cc.Color"},"_contentSize":{"__type__":"cc.Size","width":150,"height":60},"_trs":{"__type__":"TypedArray","ctor":"Float64Array","array":[0,0,0,0,0,0,1,1,1,1]}},{"__type__":"cc.Node","_name":"filterAgain","_parent":{"__id__":114},"_children":[{"__id__":120}],"_components":[{"__type__":"cc.Sprite","node":{"__id__":119},"_materials":[{"__uuid__":"ecpdLyjvZBwrvm+cedCcQy"}],"_spriteFrame":{"__uuid__":"f0BIwQ8D5Ml7nTNQbh1YlS"},"_type":1,"_sizeMode":0},{"__type__":"cc.Button","node":{"__id__":119},"clickEvents":[{"__type__":"cc.ClickEvent","target":{"__id__":2},"_componentId":"5b5f2sfFEZGDYGp36uO3hfv","handler":"onContinueFilter"}],"_N$transition":2,"transition":2,"_N$pressedColor":{"__type__":"cc.Color","r":255,"g":255,"b":255},"pressedColor":{"__type__":"cc.Color","r":255,"g":255,"b":255},"_N$disabledColor":{"__type__":"cc.Color","r":255,"g":255,"b":255},"_N$normalSprite":{"__uuid__":"f0BIwQ8D5Ml7nTNQbh1YlS"},"_N$pressedSprite":{"__uuid__":"e97GVMl6JHh5Ml5qEDdSGa"},"pressedSprite":{"__uuid__":"e97GVMl6JHh5Ml5qEDdSGa"},"_N$hoverSprite":{"__uuid__":"e97GVMl6JHh5Ml5qEDdSGa"},"hoverSprite":{"__uuid__":"e97GVMl6JHh5Ml5qEDdSGa"},"_N$disabledSprite":{"__uuid__":"29FYIk+N1GYaeWH/q1NxQO"},"_N$target":{"__id__":119}}],"_color":{"__type__":"cc.Color","r":127,"g":127,"b":127},"_contentSize":{"__type__":"cc.Size","width":150,"height":60},"_trs":{"__type__":"TypedArray","ctor":"Float64Array","array":[300,0,0,0,0,0,1,1,1,1]}},{"__type__":"cc.Node","_name":"Label","_parent":{"__id__":119},"_components":[{"__type__":"cc.Label","node":{"__id__":120},"_materials":[{"__uuid__":"ecpdLyjvZBwrvm+cedCcQy"}],"_useOriginalSize":false,"_string":"继续筛选","_N$string":"继续筛选","_fontSize":30,"_enableWrapText":false,"_N$horizontalAlign":1,"_N$verticalAlign":1,"_N$overflow":1}],"_color":{"__type__":"cc.Color"},"_contentSize":{"__type__":"cc.Size","width":150,"height":60},"_trs":{"__type__":"TypedArray","ctor":"Float64Array","array":[0,0,0,0,0,0,1,1,1,1]}},{"__type__":"cc.Node","_name":"Layout","_parent":{"__id__":100},"_children":[{"__id__":122},{"__id__":123},{"__id__":125},{"__id__":127},{"__id__":129}],"_components":[{"__type__":"cc.Sprite","node":{"__id__":121},"_enabled":false,"_materials":[{"__uuid__":"ecpdLyjvZBwrvm+cedCcQy"}],"_spriteFrame":{"__uuid__":"9bvaMerUlDyary99mJa6xp"},"_type":1,"_sizeMode":0},{"__type__":"cc.Layout","node":{"__id__":121},"_layoutSize":{"__type__":"cc.Size","width":970,"height":50},"_resize":1,"_N$layoutType":1,"_N$spacingX":100,"_N$spacingY":40}],"_color":{"__type__":"cc.Color","r":167,"g":167,"b":167},"_contentSize":{"__type__":"cc.Size","width":970,"height":50},"_trs":{"__type__":"TypedArray","ctor":"Float64Array","array":[0,282,0,0,0,0,1,1,1,1]}},{"__type__":"cc.Node","_name":"label","_parent":{"__id__":121},"_components":[{"__type__":"cc.Label","node":{"__id__":122},"_materials":[{"__uuid__":"ecpdLyjvZBwrvm+cedCcQy"}],"_useOriginalSize":false,"_string":"加载项","_N$string":"加载项","_fontSize":30,"_N$horizontalAlign":1,"_N$verticalAlign":1}],"_color":{"__type__":"cc.Color","r":119,"g":206,"b":202},"_contentSize":{"__type__":"cc.Size","width":90,"height":50.4},"_trs":{"__type__":"TypedArray","ctor":"Float64Array","array":[-440,0,0,0,0,0,1,1,1,1]}},{"__type__":"cc.Node","_name":"800","_parent":{"__id__":121},"_children":[{"__id__":124}],"_components":[{"__type__":"cc.Sprite","node":{"__id__":123},"_materials":[{"__uuid__":"ecpdLyjvZBwrvm+cedCcQy"}],"_spriteFrame":{"__uuid__":"f0BIwQ8D5Ml7nTNQbh1YlS"},"_type":1,"_sizeMode":0},{"__type__":"cc.Button","node":{"__id__":123},"clickEvents":[{"__type__":"cc.ClickEvent","target":{"__id__":2},"_componentId":"5b5f2sfFEZGDYGp36uO3hfv","handler":"onLoad800"}],"_N$transition":2,"transition":2,"_N$pressedColor":{"__type__":"cc.Color","r":255,"g":255,"b":255},"pressedColor":{"__type__":"cc.Color","r":255,"g":255,"b":255},"_N$disabledColor":{"__type__":"cc.Color","r":255,"g":255,"b":255},"_N$normalSprite":{"__uuid__":"f0BIwQ8D5Ml7nTNQbh1YlS"},"_N$pressedSprite":{"__uuid__":"e97GVMl6JHh5Ml5qEDdSGa"},"pressedSprite":{"__uuid__":"e97GVMl6JHh5Ml5qEDdSGa"},"_N$hoverSprite":{"__uuid__":"e97GVMl6JHh5Ml5qEDdSGa"},"hoverSprite":{"__uuid__":"e97GVMl6JHh5Ml5qEDdSGa"},"_N$disabledSprite":{"__uuid__":"29FYIk+N1GYaeWH/q1NxQO"},"_N$target":{"__id__":123}}],"_color":{"__type__":"cc.Color","r":127,"g":127,"b":127},"_contentSize":{"__type__":"cc.Size","width":120,"height":50},"_trs":{"__type__":"TypedArray","ctor":"Float64Array","array":[-235,0,0,0,0,0,1,1,1,1]}},{"__type__":"cc.Node","_name":"Label","_parent":{"__id__":123},"_components":[{"__type__":"cc.Label","node":{"__id__":124},"_materials":[{"__uuid__":"ecpdLyjvZBwrvm+cedCcQy"}],"_useOriginalSize":false,"_string":"800","_N$string":"800","_enableWrapText":false,"_N$horizontalAlign":1,"_N$verticalAlign":1,"_N$overflow":1}],"_color":{"__type__":"cc.Color"},"_contentSize":{"__type__":"cc.Size","width":120,"height":50},"_trs":{"__type__":"TypedArray","ctor":"Float64Array","array":[0,0,0,0,0,0,1,1,1,1]}},{"__type__":"cc.Node","_name":"1000","_parent":{"__id__":121},"_children":[{"__id__":126}],"_components":[{"__type__":"cc.Sprite","node":{"__id__":125},"_materials":[{"__uuid__":"ecpdLyjvZBwrvm+cedCcQy"}],"_spriteFrame":{"__uuid__":"f0BIwQ8D5Ml7nTNQbh1YlS"},"_type":1,"_sizeMode":0},{"__type__":"cc.Button","node":{"__id__":125},"clickEvents":[{"__type__":"cc.ClickEvent","target":{"__id__":2},"_componentId":"5b5f2sfFEZGDYGp36uO3hfv","handler":"onLoad1000"}],"_N$transition":2,"transition":2,"_N$pressedColor":{"__type__":"cc.Color","r":255,"g":255,"b":255},"pressedColor":{"__type__":"cc.Color","r":255,"g":255,"b":255},"_N$disabledColor":{"__type__":"cc.Color","r":255,"g":255,"b":255},"_N$normalSprite":{"__uuid__":"f0BIwQ8D5Ml7nTNQbh1YlS"},"_N$pressedSprite":{"__uuid__":"e97GVMl6JHh5Ml5qEDdSGa"},"pressedSprite":{"__uuid__":"e97GVMl6JHh5Ml5qEDdSGa"},"_N$hoverSprite":{"__uuid__":"e97GVMl6JHh5Ml5qEDdSGa"},"hoverSprite":{"__uuid__":"e97GVMl6JHh5Ml5qEDdSGa"},"_N$disabledSprite":{"__uuid__":"29FYIk+N1GYaeWH/q1NxQO"},"_N$target":{"__id__":125}}],"_color":{"__type__":"cc.Color","r":127,"g":127,"b":127},"_contentSize":{"__type__":"cc.Size","width":120,"height":50},"_trs":{"__type__":"TypedArray","ctor":"Float64Array","array":[-15,0,0,0,0,0,1,1,1,1]}},{"__type__":"cc.Node","_name":"Label","_parent":{"__id__":125},"_components":[{"__type__":"cc.Label","node":{"__id__":126},"_materials":[{"__uuid__":"ecpdLyjvZBwrvm+cedCcQy"}],"_useOriginalSize":false,"_string":"1000","_N$string":"1000","_enableWrapText":false,"_N$horizontalAlign":1,"_N$verticalAlign":1,"_N$overflow":1}],"_color":{"__type__":"cc.Color"},"_contentSize":{"__type__":"cc.Size","width":120,"height":50},"_trs":{"__type__":"TypedArray","ctor":"Float64Array","array":[0,0,0,0,0,0,1,1,1,1]}},{"__type__":"cc.Node","_name":"all","_parent":{"__id__":121},"_children":[{"__id__":128}],"_components":[{"__type__":"cc.Sprite","node":{"__id__":127},"_materials":[{"__uuid__":"ecpdLyjvZBwrvm+cedCcQy"}],"_spriteFrame":{"__uuid__":"f0BIwQ8D5Ml7nTNQbh1YlS"},"_type":1,"_sizeMode":0},{"__type__":"cc.Button","node":{"__id__":127},"clickEvents":[{"__type__":"cc.ClickEvent","target":{"__id__":2},"_componentId":"5b5f2sfFEZGDYGp36uO3hfv","handler":"onLoadAll"}],"_N$transition":2,"transition":2,"_N$pressedColor":{"__type__":"cc.Color","r":255,"g":255,"b":255},"pressedColor":{"__type__":"cc.Color","r":255,"g":255,"b":255},"_N$disabledColor":{"__type__":"cc.Color","r":255,"g":255,"b":255},"_N$normalSprite":{"__uuid__":"f0BIwQ8D5Ml7nTNQbh1YlS"},"_N$pressedSprite":{"__uuid__":"e97GVMl6JHh5Ml5qEDdSGa"},"pressedSprite":{"__uuid__":"e97GVMl6JHh5Ml5qEDdSGa"},"_N$hoverSprite":{"__uuid__":"e97GVMl6JHh5Ml5qEDdSGa"},"hoverSprite":{"__uuid__":"e97GVMl6JHh5Ml5qEDdSGa"},"_N$disabledSprite":{"__uuid__":"29FYIk+N1GYaeWH/q1NxQO"},"_N$target":{"__id__":127}}],"_color":{"__type__":"cc.Color","r":127,"g":127,"b":127},"_contentSize":{"__type__":"cc.Size","width":120,"height":50},"_trs":{"__type__":"TypedArray","ctor":"Float64Array","array":[205,0,0,0,0,0,1,1,1,1]}},{"__type__":"cc.Node","_name":"Label","_parent":{"__id__":127},"_components":[{"__type__":"cc.Label","node":{"__id__":128},"_materials":[{"__uuid__":"ecpdLyjvZBwrvm+cedCcQy"}],"_useOriginalSize":false,"_string":"All","_N$string":"All","_enableWrapText":false,"_N$horizontalAlign":1,"_N$verticalAlign":1,"_N$overflow":1}],"_color":{"__type__":"cc.Color"},"_contentSize":{"__type__":"cc.Size","width":120,"height":50},"_trs":{"__type__":"TypedArray","ctor":"Float64Array","array":[0,0,0,0,0,0,1,1,1,1]}},{"__type__":"cc.Node","_name":"subNew","_parent":{"__id__":121},"_children":[{"__id__":130}],"_components":[{"__type__":"cc.Sprite","node":{"__id__":129},"_materials":[{"__uuid__":"ecpdLyjvZBwrvm+cedCcQy"}],"_spriteFrame":{"__uuid__":"f0BIwQ8D5Ml7nTNQbh1YlS"},"_type":1,"_sizeMode":0},{"__type__":"cc.Button","node":{"__id__":129},"clickEvents":[{"__type__":"cc.ClickEvent","target":{"__id__":2},"_componentId":"5b5f2sfFEZGDYGp36uO3hfv","handler":"onLoadSubNew"}],"_N$transition":2,"transition":2,"_N$pressedColor":{"__type__":"cc.Color","r":255,"g":255,"b":255},"pressedColor":{"__type__":"cc.Color","r":255,"g":255,"b":255},"_N$disabledColor":{"__type__":"cc.Color","r":255,"g":255,"b":255},"_N$normalSprite":{"__uuid__":"f0BIwQ8D5Ml7nTNQbh1YlS"},"_N$pressedSprite":{"__uuid__":"e97GVMl6JHh5Ml5qEDdSGa"},"pressedSprite":{"__uuid__":"e97GVMl6JHh5Ml5qEDdSGa"},"_N$hoverSprite":{"__uuid__":"e97GVMl6JHh5Ml5qEDdSGa"},"hoverSprite":{"__uuid__":"e97GVMl6JHh5Ml5qEDdSGa"},"_N$disabledSprite":{"__uuid__":"29FYIk+N1GYaeWH/q1NxQO"},"_N$target":{"__id__":129}}],"_color":{"__type__":"cc.Color","r":127,"g":127,"b":127},"_contentSize":{"__type__":"cc.Size","width":120,"height":50},"_trs":{"__type__":"TypedArray","ctor":"Float64Array","array":[425,0,0,0,0,0,1,1,1,1]}},{"__type__":"cc.Node","_name":"Label","_parent":{"__id__":129},"_components":[{"__type__":"cc.Label","node":{"__id__":130},"_materials":[{"__uuid__":"ecpdLyjvZBwrvm+cedCcQy"}],"_useOriginalSize":false,"_string":"新股","_N$string":"新股","_enableWrapText":false,"_N$horizontalAlign":1,"_N$verticalAlign":1,"_N$overflow":1}],"_color":{"__type__":"cc.Color"},"_contentSize":{"__type__":"cc.Size","width":120,"height":50},"_trs":{"__type__":"TypedArray","ctor":"Float64Array","array":[0,0,0,0,0,0,1,1,1,1]}}]]